Title|Value|Author|Description|Type|URL
16 Accords of Madness, v. VI|25||Hircine's Tale||https://en.uesp.net/wiki/Skyrim:16_Accords_of_Madness,_v._VI
16 Accords of Madness, v. IX|25||Vaermina's Tale||https://en.uesp.net/wiki/Skyrim:16_Accords_of_Madness,_v._IX
16 Accords of Madness, v. XII|25||Malacath's Tale||https://en.uesp.net/wiki/Skyrim:16_Accords_of_Madness,_v._XII
2920, Morning Star, v1|50|Carlovac Townway|Volume 1 of a historical series about Vivec and the Empire|One-handed skill book|https://en.uesp.net/wiki/Skyrim:2920,_Morning_Star,_v1
2920, Sun's Dawn, v2|60|Carlovac Townway|Volume 2 of a historical series about Vivec and the Empire|Illusion skill book|https://en.uesp.net/wiki/Skyrim:2920,_Sun%27s_Dawn,_v2
2920, First Seed, v3|11|Carlovac Townway|Volume 3 of a historical series about Vivec and the Empire||https://en.uesp.net/wiki/Skyrim:2920,_First_Seed,_v3
2920, Rain's Hand, v4|55|Carlovac Townway|Volume 4 of a historical series about Vivec and the Empire|Restoration skill book|https://en.uesp.net/wiki/Skyrim:2920,_Rain%27s_Hand,_v4
2920, Second Seed, v5|60|Carlovac Townway|Volume 5 of a historical series about Vivec and the Empire|Speech skill book|https://en.uesp.net/wiki/Skyrim:2920,_Second_Seed,_v5
2920, MidYear, v6|70|Carlovac Townway|Volume 6 of a historical series about Vivec and the Empire|Heavy Armor skill book|https://en.uesp.net/wiki/Skyrim:2920,_MidYear,_v6
2920, Sun's Height, v7|3|Carlovac Townway|Volume 7 of a historical series about Vivec and the Empire||https://en.uesp.net/wiki/Skyrim:2920,_Sun%27s_Height,_v7
2920, Last Seed, v8|75|Carlovac Townway|Volume 8 of a historical series about Vivec and the Empire|Sneak skill book|https://en.uesp.net/wiki/Skyrim:2920,_Last_Seed,_v8
2920, Hearth Fire, v9|50|Carlovac Townway|Volume 9 of a historical series about Vivec and the Empire|Conjuration skill book|https://en.uesp.net/wiki/Skyrim:2920,_Hearth_Fire,_v9
2920, Frostfall, v10|50|Carlovac Townway|Volume 10 of a historical series about Vivec and the Empire|Conjuration skill book|https://en.uesp.net/wiki/Skyrim:2920,_Frostfall,_v10
2920, Sun's Dusk, v11|11|Carlovac Townway|Volume 11 of a historical series about Vivec and the Empire||https://en.uesp.net/wiki/Skyrim:2920,_Sun%27s_Dusk,_v11
2920, Evening Star, v12|11|Carlovac Townway|Volume 12 of a historical series about Vivec and the Empire||https://en.uesp.net/wiki/Skyrim:2920,_Evening_Star,_v12
An Accounting of the Scrolls|20|Quintus Nerevelus, Former Imperial Librarian|An author's report on the Elder Scrolls and his subsequent entry into the Cult of the Ancestor Moth||https://en.uesp.net/wiki/Skyrim:An_Accounting_of_the_Scrolls
The Adabal-a|25|Morihaus|The memoirs of Morihaus, consort to Alessia and Taker of the Citadel||https://en.uesp.net/wiki/Skyrim:The_Adabal-a
Admonition Against Ebony|5||A warning to any who might claim the Ebony Blade||https://en.uesp.net/wiki/Skyrim:Admonition_Against_Ebony
Adonato's Book|40|Adonato Leonetti|A historian's view about Olaf One-Eye and his conflict with the dragon Numinex||https://en.uesp.net/wiki/Skyrim:Adonato%27s_Book
Advances in Lockpicking|75||An experienced thief summarizes the intricacies of lockpicking|Lockpicking skill book|https://en.uesp.net/wiki/Skyrim:Advances_in_Lockpicking
Adventurer's Journal|5||About investigating attacks on caravans by the Falmer||https://en.uesp.net/wiki/Skyrim:Adventurer%27s_Journal
Aedra and Daedra|5||Overview of the basic differences between Gods, Demons, Aedra, and Daedra||https://en.uesp.net/wiki/Skyrim:Aedra_and_Daedra
The Aetherium WarsDG|15|Taron Dreth|A treatise on the collapse of Dwemer city-states in Skyrim||https://en.uesp.net/wiki/Skyrim:The_Aetherium_Wars
Aevar Stone-Singer|60||Traditional Skaal myth about a young Skaal's journey to recover the Gifts of the All-Maker|Pickpocket skill book|https://en.uesp.net/wiki/Skyrim:Aevar_Stone-Singer
Agrius's Journal|5|Agrius|The last accounts of a bandit before being possessed and sacrificed by Halldir||https://en.uesp.net/wiki/Skyrim:Agrius%27s_Journal
Ahzidal's DescentDB|16|Halund Greycloak|The tale of a powerful enchanter's descent into madness||https://en.uesp.net/wiki/Skyrim:Ahzidal%27s_Descent
Ahzirr Traajijazeri|4|Anonymous|The public manifesto of the Khajiit organization Renrijra Krin||https://en.uesp.net/wiki/Skyrim:Ahzirr_Traajijazeri
Aicantar's Lab Journal|5|Aicantar|Research notes on Dwarven spider control||https://en.uesp.net/wiki/Skyrim:Aicantar%27s_Lab_Journal
Alchemist's Journal|5||The journal of an alchemist interested in plant growth and ecology||https://en.uesp.net/wiki/Skyrim:Alchemist%27s_Journal_(camp)
Alchemist's Journal|5||The idyllic journal of an alchemist||https://en.uesp.net/wiki/Skyrim:Alchemist%27s_Journal_(shack)
Alduin is Real|8|Thromgar Iron-Head|A poorly spelled essay from a "prowd Nord" on the difference between Alduin and Akatosh||https://en.uesp.net/wiki/Skyrim:Alduin_is_Real
The Alduin/Akatosh Dichotomy|8|Alexandre Simon, High Priest of the Akatosh Chantry, Wayrest|A priest's deductions on the relation between Akatosh and Alduin||https://en.uesp.net/wiki/Skyrim:The_Alduin/Akatosh_Dichotomy
The AnticipationsDB|14|Anonymous|Overview of the members of and the relationship between the Tribunal and the Daedra||https://en.uesp.net/wiki/Skyrim:The_Anticipations
Alva's Journal|5|Alva|A vampire's plot to take over all of Morthal||https://en.uesp.net/wiki/Skyrim:Alva%27s_Journal
Amongst the Draugr|14|Bernadette Bantien, College of Winterhold|Discoveries about the draugr and their link to the dragon cults||https://en.uesp.net/wiki/Skyrim:Amongst_the_Draugr
The Amulet of Kings|6|Wenengrus Monhona|Chronicles the creation of the Amulet of Kings||https://en.uesp.net/wiki/Skyrim:The_Amulet_of_Kings
Ancestors and the Dunmer|8||An outdated guide for foreign visitors to Morrowind||https://en.uesp.net/wiki/Skyrim:Ancestors_and_the_Dunmer
Annals of the Dragonguard|200|Brother Annulus|Chronicles of the Dragonguard in the late First Era||https://en.uesp.net/wiki/Skyrim:Annals_of_the_Dragonguard
Antecedants of Dwemer Law|5||A historical account of the development of Dwemer law and custom from its roots in High Elven culture||https://en.uesp.net/wiki/Skyrim:Antecedants_of_Dwemer_Law
The Apprentice's Assistant|12|Aramril|Advice from Valenwood's most prestigious spellcaster||https://en.uesp.net/wiki/Skyrim:The_Apprentice%27s_Assistant
Arcana Restored|25|Wapna NeustraPraceptorÂ [sic] Emeritus|Cryptic instructions for the restoration of Arcana||https://en.uesp.net/wiki/Skyrim:Arcana_Restored
The Arcturian Heresy|6|The Underking, Ysmir Kingmaker|A brief, undated, early historical document covering the Underking and Tiber Septim||https://en.uesp.net/wiki/Skyrim:The_Arcturian_Heresy
Argonian Account, Book 1|2|Waughin Jarth|Decumus Scotti's continued adventures in Black Marsh, Volume 1||https://en.uesp.net/wiki/Skyrim:Argonian_Account,_Book_1
Argonian Account, Book 2|12|Waughin Jarth|Decumus Scotti's continued adventures in Black Marsh, Volume 2||https://en.uesp.net/wiki/Skyrim:Argonian_Account,_Book_2
Argonian Account, Book 3|12|Waughin Jarth|Decumus Scotti's continued adventures in Black Marsh, Volume 3||https://en.uesp.net/wiki/Skyrim:Argonian_Account,_Book_3
Argonian Account, Book 4|12|Waughin Jarth|Decumus Scotti's continued adventures in Black Marsh, Volume 4||https://en.uesp.net/wiki/Skyrim:Argonian_Account,_Book_4
The Armorer's Challenge|70|Mymophonus|A competition between two skilled armorsmiths|Smithing skill book|https://en.uesp.net/wiki/Skyrim:The_Armorer%27s_Challenge
Arondil's Journal, Part 1|5|Arondil|Arondil's account of moving into Yngvild to study necromancy||https://en.uesp.net/wiki/Skyrim:Arondil%27s_Journal,_Part_1
Arondil's Journal, Part 2|5|Arondil|Arondil's account of his necromancy experimentations||https://en.uesp.net/wiki/Skyrim:Arondil%27s_Journal,_Part_2
Arondil's Journal, Part 3|5|Arondil|Arondil's account of dealing with a trespasser into Yngvild||https://en.uesp.net/wiki/Skyrim:Arondil%27s_Journal,_Part_3
Arondil's Journal, Part 4|5|Arondil|Arondil's account of learning to reanimate the dead as ghosts||https://en.uesp.net/wiki/Skyrim:Arondil%27s_Journal,_Part_4
The Art of War Magic|55|Zurin Arctus, with Commentary By Other Learned Masters|Mastering the art of winning|Destruction skill book|https://en.uesp.net/wiki/Skyrim:The_Art_of_War_Magic
Arvel's Journal|5|Arvel the Swift|A journal describing how Arvel came into possession of the Golden Claw and a hint of its true purpose||https://en.uesp.net/wiki/Skyrim:Arvel%27s_Journal
Atlas of Dragons|50|Brother Mathnan|A glossary of Skyrim's dragons||https://en.uesp.net/wiki/Skyrim:Atlas_of_Dragons
Atronach Forge Manual|5||A guide on how to use the Atronach Forge||https://en.uesp.net/wiki/Skyrim:Atronach_Forge_Manual
The Axe ManDB|6||A surprising way to become proficient with an axe||https://en.uesp.net/wiki/Skyrim:The_Axe_Man
Azura and the Box|10|Marobar Sul|Book 11 of a series of fictional stories about the Dwemer||https://en.uesp.net/wiki/Skyrim:Azura_and_the_Box
Bandit Leader's Journal|5||Journal entries indicating the location of a hidden stash||https://en.uesp.net/wiki/Skyrim:Bandit_Leader%27s_Journal
Bandit's Journal|5||A Bandit's account of taking over Fort Neugrad||https://en.uesp.net/wiki/Skyrim:Bandit%27s_Journal_(Fort_Neugrad)
Bandit's Journal|5||A bandit's complaints about their inability to kill a mammoth||https://en.uesp.net/wiki/Skyrim:Bandit%27s_Journal_(Orotheim)
Battle of Red Mountain|50|Vivec|The story of the Battle of Red Mountain and the Nerevarine Prophecies from Vivec's perspective|Block skill book|https://en.uesp.net/wiki/Skyrim:Battle_of_Red_Mountain
Battle of Sancre Tor|50||The story of how General Talos defeated the stronghold of Sancre Tor|Two-handed skill book|https://en.uesp.net/wiki/Skyrim:Battle_of_Sancre_Tor
The Bear of Markarth|8|Arrianus Arius, Imperial Scholar|An account of Ulfric Stormcloak's short-lived independent reign over the Reach||https://en.uesp.net/wiki/Skyrim:The_Bear_of_Markarth
Before the Ages of Man|60|Aicantar of Shimerene|Chronicles the major events of the Dawn and Merethic Eras|Illusion skill book|https://en.uesp.net/wiki/Skyrim:Before_the_Ages_of_Man
Beggar|60|Reven|The first chapter in the adventures of Eslaf Erol|Pickpocket skill book|https://en.uesp.net/wiki/Skyrim:Beggar_(book)
Beggar Prince|5||The story of Wheedle and their gifts from the Daedric Lord Namira||https://en.uesp.net/wiki/Skyrim:Beggar_Prince
The Beginner's Guide to HomesteadingHF|10||A guide to building and furnishing a house on your purchased plot of land||https://en.uesp.net/wiki/Skyrim:The_Beginner%27s_Guide_to_Homesteading
The BetrayedDG|20|Engwe Emeloth|Translated from Falmer Text by Calcelmo of Markarth||https://en.uesp.net/wiki/Skyrim:The_Betrayed
Biography of Barenziah, v1|3|Stern Gamboge, Imperial Scribe|A factual biography of Queen Barenziah, Volume 1||https://en.uesp.net/wiki/Skyrim:Biography_of_Barenziah,_v1
Biography of Barenziah, v2|3|Stern Gamboge, Imperial Scribe|A factual biography of Queen Barenziah, Volume 2||https://en.uesp.net/wiki/Skyrim:Biography_of_Barenziah,_v2
Biography of Barenziah, v3|3|Stern Gamboge, Imperial Scribe|A factual biography of Queen Barenziah, Volume 3||https://en.uesp.net/wiki/Skyrim:Biography_of_Barenziah,_v3
Biography of the Wolf Queen|60|Katar Eriphanes|A history of the unambiguously evil Queen Potema, the so-called Wolf Queen of Solitude|Speech skill book|https://en.uesp.net/wiki/Skyrim:Biography_of_the_Wolf_Queen
The Black Arrow, v1|2|Gorgic Guine|A story of revenge, and a true master archer||https://en.uesp.net/wiki/Skyrim:The_Black_Arrow,_v1
The Black Arrow, v2|65|Gorgic Guine|Volume two of a story of revenge, and a true master archer|Archery skill book|https://en.uesp.net/wiki/Skyrim:The_Black_Arrow,_v2
The Black Arts On Trial|60|Hannibal Traven, Archmagister of the Mages Guild|A summary of the salient points of the debate which led to the resolution of the Mages Guild on the subject of Necromancy|Illusion skill book|https://en.uesp.net/wiki/Skyrim:The_Black_Arts_On_Trial
Black Book: Epistolary AcumenDB|2000|The Transparent One|A part of a series of Black Books||https://en.uesp.net/wiki/Skyrim:Black_Book:_Epistolary_Acumen_(book)
Black Book: Filament and FiligreeDB|2000|Jelketheris|A part of a series of Black Books||https://en.uesp.net/wiki/Skyrim:Black_Book:_Filament_and_Filigree_(book)
Black Book: The Hidden TwilightDB|2000|Carillius Melfus|A part of a series of Black Books||https://en.uesp.net/wiki/Skyrim:Black_Book:_The_Hidden_Twilight_(book)
Black Book: The Sallow RegentDB|2000|Hawfip the Crafter|A part of a series of Black Books||https://en.uesp.net/wiki/Skyrim:Black_Book:_The_Sallow_Regent_(book)
Black Book: Untold LegendsDB|2000||A part of a series of Black Books||https://en.uesp.net/wiki/Skyrim:Black_Book:_Untold_Legends_(book)
Black Book: Waking DreamsDB|2000|Bilius Felcrex|A part of a series of Black Books||https://en.uesp.net/wiki/Skyrim:Black_Book:_Waking_Dreams_(book)
Black Book: The Winds of ChangeDB|2000|Liesl Grey-Heart|A part of a series of Black Books||https://en.uesp.net/wiki/Skyrim:Black_Book:_The_Winds_of_Change_(book)
Boethiah's Glory|25||Worship book for Boethiah||https://en.uesp.net/wiki/Skyrim:Boethiah%27s_Glory
Boethiah's Proving|25|Anonymous|An account of a fatal summoning of Boethiah||https://en.uesp.net/wiki/Skyrim:Boethiah%27s_Proving
Bone, Part IDB|6|Tavi Dromio|Part one of the invention of bonemold armor||https://en.uesp.net/wiki/Skyrim:Bone,_Part_I
Bone, Part IIDB|6|Tavi Dromio|Part two of the invention of bonemold armor||https://en.uesp.net/wiki/Skyrim:Bone,_Part_II
The Book of Daedra|5||Excerpts from a lengthy tome describing the nature of each of the Daedra||https://en.uesp.net/wiki/Skyrim:The_Book_of_Daedra
The Book of Fate|40||A blank book said to contain the reader's fate||https://en.uesp.net/wiki/Skyrim:The_Book_of_Fate
The Book of the Dragonborn|12|Prior Emelene Madrine|A treatise on the Dragonborn||https://en.uesp.net/wiki/Skyrim:The_Book_of_the_Dragonborn
The Book of Life and ServiceDG|35||Book relating to the undead of the Soul Cairn||https://en.uesp.net/wiki/Skyrim:The_Book_of_Life_and_Service
Breathing Water|60|Haliel Myrm|Lessons on water breathing|Alteration skill book|https://en.uesp.net/wiki/Skyrim:Breathing_Water
Brief History of the Empire, v1|2|Stronach k'Thojj III|Part 1 of a description of events in the history of the Empire||https://en.uesp.net/wiki/Skyrim:Brief_History_of_the_Empire,_v1
Brief History of the Empire, v2|2|Stronach k'Thojj III|Part 2 of a description of events in the history of the Empire||https://en.uesp.net/wiki/Skyrim:Brief_History_of_the_Empire,_v2
Brief History of the Empire, v3|2|Stronach k'Thojj III|Part 3 of a description of events in the history of the Empire||https://en.uesp.net/wiki/Skyrim:Brief_History_of_the_Empire,_v3
Brief History of the Empire, v4|2|Stronach k'Thojj III|Part 4 of a description of events in the history of the Empire||https://en.uesp.net/wiki/Skyrim:Brief_History_of_the_Empire,_v4
Brothers of Darkness|30|Pellarne Assi|A brief history of the Dark Brotherhood||https://en.uesp.net/wiki/Skyrim:Brothers_of_Darkness
Butcher Journal #1|5|The Butcher|A serial killer's journal entries on stalking a victim||https://en.uesp.net/wiki/Skyrim:Butcher_Journal_1
Butcher Journal #2|5|The Butcher|A serial killer's translation on "flesh" magic||https://en.uesp.net/wiki/Skyrim:Butcher_Journal_2
Butcher Journal|5|Calixto Corrium|A journal revealing the ghoulish motivation behind killings in Windhelm||https://en.uesp.net/wiki/Skyrim:Butcher_Journal
The Buying Game|60|Adabael Timsar-Dadisun|Tips on buying and selling|Speech skill book|https://en.uesp.net/wiki/Skyrim:The_Buying_Game
The Cabin in the Woods|8|Mogen Son of Molag|A tale of a soldier and a sobbing ghost||https://en.uesp.net/wiki/Skyrim:The_Cabin_in_the_Woods
The Cake and The Diamond|5|Athyn Muendil|An alchemist tricks a thief!||https://en.uesp.net/wiki/Skyrim:The_Cake_and_The_Diamond
Catalogue of Armor Enchantments|50|Yvonne Bienne, Synod researcher|An incomplete list of all the spells and armor used in enchanting|Enchanting skill book|https://en.uesp.net/wiki/Skyrim:Catalogue_of_Armor_Enchantments
Catalogue of Weapon Enchantments|50|Yvonne Bienne, Synod researcher|An incomplete list of all the spells and weapons used in enchanting|Enchanting skill book|https://en.uesp.net/wiki/Skyrim:Catalogue_of_Weapon_Enchantments
Cats of Skyrim|7|Aldetuile|A brief treatise on the few felines that can be found in Skyrim||https://en.uesp.net/wiki/Skyrim:Cats_of_Skyrim
Chance's Folly|6|Zylmoc Golge|The folly of a double-crosser||https://en.uesp.net/wiki/Skyrim:Chance%27s_Folly
Changed OnesDB|11||Story of how Boethiah refuted Trinimac||https://en.uesp.net/wiki/Skyrim:Changed_Ones
Charwich-Koniinge Letters, v1|13|Charwich|Letter sent from Charwich to Koniinge about their search for Azura's Star||https://en.uesp.net/wiki/Skyrim:Charwich-Koniinge_Letters,_v1
Charwich-Koniinge Letters, v3|13|Charwich|Letter sent from Charwich to Koniinge about their search for Azura's Star||https://en.uesp.net/wiki/Skyrim:Charwich-Koniinge_Letters,_v3
Charwich-Koniinge Letters, v4|20|Syrix Goinithi|Letter sent between Charwich and Koniinge about their search for Azura's Star||https://en.uesp.net/wiki/Skyrim:Charwich-Koniinge_Letters,_v4
Charwich-Koniinge, v2|13|Koniinge|Letter sent from Koniinge to Charwich about their search for Azura's Star||https://en.uesp.net/wiki/Skyrim:Charwich-Koniinge,_v2
Chaurus Pie: A Recipe|11|Nils|A recipe for a pie from chaurus meat||https://en.uesp.net/wiki/Skyrim:Chaurus_Pie:_A_Recipe
Cherim's Heart|70|Livillus Perus, Professor at the Imperial University|Interview with Cherim, a master tapestry weaver|Smithing skill book|https://en.uesp.net/wiki/Skyrim:Cherim%27s_Heart
Children of the Sky|25||A description of the Nords and the Thu'um||https://en.uesp.net/wiki/Skyrim:Children_of_the_Sky
A Children's Anuad|6||Early religious book providing a simplified version of The Anuad creation myth from the Mythic Era||https://en.uesp.net/wiki/Skyrim:A_Children%27s_Anuad
Children of the All-MakerDB|11|Tharstan of Solitude|An outsider's accounting of the Skaal||https://en.uesp.net/wiki/Skyrim:Children_of_the_All-Maker
Chimarvamidium|70|Marobar Sul|Book 6 of a series of fictional stories about the Dwemer|Heavy Armor skill book|https://en.uesp.net/wiki/Skyrim:Chimarvamidium
Chronicles of Nchuleft|30|An Anonymous Altmer|A historical chronicle of events in the Dwemer Freehold Colony of Nchuleft||https://en.uesp.net/wiki/Skyrim:Chronicles_of_Nchuleft
Cicero's Journal - Final Volume|100|Cicero|The personal chronicle of a Dark Brotherhood assassin||https://en.uesp.net/wiki/Skyrim:Cicero%27s_Journal_-_Final_Volume
Cicero's Journal - Volume 1|25|Cicero|The personal chronicle of a Dark Brotherhood assassin||https://en.uesp.net/wiki/Skyrim:Cicero%27s_Journal_-_Volume_1
Cicero's Journal - Volume 2|25|Cicero|The personal chronicle of a Dark Brotherhood assassin||https://en.uesp.net/wiki/Skyrim:Cicero%27s_Journal_-_Volume_2
Cicero's Journal - Volume 3|25|Cicero|The personal chronicle of a Dark Brotherhood assassin||https://en.uesp.net/wiki/Skyrim:Cicero%27s_Journal_-_Volume_3
Cicero's Journal - Volume 4|25|Cicero|The personal chronicle of a Dark Brotherhood assassin||https://en.uesp.net/wiki/Skyrim:Cicero%27s_Journal_-_Volume_4
The City of Stone|4|Amanda Alleia|A mercenary's guide to Markarth||https://en.uesp.net/wiki/Skyrim:The_City_of_Stone
Cleansing of the Fane|20||Fragmented script from a member of the Alessian Order||https://en.uesp.net/wiki/Skyrim:Cleansing_of_the_Fane
The Code of Malacath|2|Amanda Alleia, Mercenary|A description of life in an average Orc Stronghold||https://en.uesp.net/wiki/Skyrim:The_Code_of_Malacath
Confessions of a Dunmer Skooma EaterDB|3|Tilse Sendas|A narrative of a cured skooma addict||https://en.uesp.net/wiki/Skyrim:Confessions_of_a_Dunmer_Skooma_Eater
Confessions Of A Khajiit Fur TraderDG|11|The Fur Trader|A Khajiit's memoir of the black market fur trade||https://en.uesp.net/wiki/Skyrim:Confessions_Of_A_Khajiit_Fur_Trader
Cook's Journal|5|an Unknown Bandit Cook|The journal of a cook that took the phrase dog-eat-dog world a little too literally||https://en.uesp.net/wiki/Skyrim:Cook%27s_Journal
A Dance in Fire, v1|3|Waughin Jarth|Chapter 1 of a clerk's adventures in Valenwood||https://en.uesp.net/wiki/Skyrim:A_Dance_in_Fire,_v1
A Dance in Fire, v2|50|Waughin Jarth|Chapter 2 of a clerk's adventures in Valenwood|Block skill book|https://en.uesp.net/wiki/Skyrim:A_Dance_in_Fire,_v2
A Dance in Fire, v3|3|Waughin Jarth|Chapter 3 of a clerk's adventures in Valenwood||https://en.uesp.net/wiki/Skyrim:A_Dance_in_Fire,_v3
A Dance in Fire, v4|4|Waughin Jarth|Chapter 4 of a clerk's adventures in Valenwood||https://en.uesp.net/wiki/Skyrim:A_Dance_in_Fire,_v4
A Dance in Fire, v5|30|Waughin Jarth|Chapter 5 of a clerk's adventures in Valenwood||https://en.uesp.net/wiki/Skyrim:A_Dance_in_Fire,_v5
A Dance in Fire, v6|60|Waughin Jarth|Chapter 6 of a clerk's adventures in Valenwood|Speech skill book|https://en.uesp.net/wiki/Skyrim:A_Dance_in_Fire,_v6
A Dance in Fire, v7|60|Waughin Jarth|Chapter 7 of a clerk's adventures in Valenwood|Speech skill book|https://en.uesp.net/wiki/Skyrim:A_Dance_in_Fire,_v7
Darkest Darkness|5||A description of various Daedra||https://en.uesp.net/wiki/Skyrim:Darkest_Darkness
Daughter of the Niben|60|Sathyr Longleat|The history of Bravil and its famous statue of the Lucky Old Lady|Alteration skill book|https://en.uesp.net/wiki/Skyrim:Daughter_of_the_Niben
Daynas Valen's Journal|5|Daynas Valen|Details Valen's efforts to hunt down the Gauldur Legend||https://en.uesp.net/wiki/Skyrim:Daynas_Valen%27s_Journal
Daynas Valen's Notes|5|Daynas Valen|A summary of research of the Gauldur Legend||https://en.uesp.net/wiki/Skyrim:Daynas_Valen%27s_Notes
De Rerum Dirennis|55|Vorian Direnni|Tales about a creator of Alchemy Science|Alchemy skill book|https://en.uesp.net/wiki/Skyrim:De_Rerum_Dirennis
Death Blow of Abernanit|50|Anonymous (with notes by Geocrates Varnus)|The death of Dagoth Thras|Block skill book|https://en.uesp.net/wiki/Skyrim:Death_Blow_of_Abernanit
Death of a Wanderer|12|Anonymous|A tale of an Argonian's unfortunate venture into a Draugr crypt||https://en.uesp.net/wiki/Skyrim:Death_of_a_Wanderer
DeathbrandDB|20||A Pirate's Tale||https://en.uesp.net/wiki/Skyrim:Deathbrand_(book)
Decree of Monument|5||About recognizing a place of historic value||https://en.uesp.net/wiki/Skyrim:Decree_of_Monument
Diary of Faire AgarwenDG|20|Faire Agarwen|Translated from Falmer Text by Calcelmo of Markarth||https://en.uesp.net/wiki/Skyrim:Diary_of_Faire_Agarwen
Discovering Ruunvald, Vol. IDG|5|Moric Sidrey|||https://en.uesp.net/wiki/Skyrim:Discovering_Ruunvald,_Vol._I
Discovering Ruunvald, Vol. IIDG|5|Moric Sidrey|||https://en.uesp.net/wiki/Skyrim:Discovering_Ruunvald,_Vol._II
Discovering Ruunvald, Vol. IIIDG|5|Moric Sidrey|||https://en.uesp.net/wiki/Skyrim:Discovering_Ruunvald,_Vol._III
Discovering Ruunvald, Vol. IVDG|5|Moric Sidrey|||https://en.uesp.net/wiki/Skyrim:Discovering_Ruunvald,_Vol._IV
The Doors of the SpiritDB|5||Mantra of the Dunmer spirits||https://en.uesp.net/wiki/Skyrim:The_Doors_of_the_Spirit
The Doors of Oblivion|50|Seif-ij Hidja|The chronicles of Morian Zenas' journey through the realms of Oblivion, penned by his apprentice|Conjuration skill book|https://en.uesp.net/wiki/Skyrim:The_Doors_of_Oblivion
The Dowry|11|Marobar Sul|Book 10 of a series of fictional stories about the Dwemer||https://en.uesp.net/wiki/Skyrim:The_Dowry
The Dragon Break|14|Fal Droon|Explanation of a historical error of timing||https://en.uesp.net/wiki/Skyrim:The_Dragon_Break
Dragon Language: Myth no More|14|Hela Thrice-Versed|A lengthy thesis on the ancient language of the dragons||https://en.uesp.net/wiki/Skyrim:Dragon_Language:_Myth_no_More
The Dragon War|12|Torhal Bjorik|A religious text describing the primordial war between men and dragons||https://en.uesp.net/wiki/Skyrim:The_Dragon_War
A Dream of Sovngarde|8|Skardan Free-Winter|A soldier's tale of his dream before battle||https://en.uesp.net/wiki/Skyrim:A_Dream_of_Sovngarde
The Dreamstride|5|The Mysterious Alchemists of Vaermina|A description of the nature and effect of Vaermina's Torpor||https://en.uesp.net/wiki/Skyrim:The_Dreamstride
Dunmer of Skyrim|7|Athal Sarys|A proclamation of Dunmer supremacy in eastern Skyrim||https://en.uesp.net/wiki/Skyrim:Dunmer_of_Skyrim
Dwarves, v1|10|Calcelmo, Scholar of Markarth|A scholarly work on the architecture and metallurgy of Dwemer||https://en.uesp.net/wiki/Skyrim:Dwarves,_v1
Dwarves, v2|10|Calcelmo, Scholar of Markarth|A scholarly work on the war equipment and machinery of Dwemer||https://en.uesp.net/wiki/Skyrim:Dwarves,_v2
Dwarves, v3|10|Calcelmo, Scholar of Markarth|A scholarly work on the culture and history of Dwemer||https://en.uesp.net/wiki/Skyrim:Dwarves,_v3
Dwemer History and Culture|13|Hasphat Antabolis|A scholar's review of the Dwemer essays written by Marobar Sul||https://en.uesp.net/wiki/Skyrim:Dwemer_History_and_Culture
Dwemer Inquiries Vol I|6|Thelwe Ghelein, Scholar|Part of a series of scholarly essays on the elusive Dwemer||https://en.uesp.net/wiki/Skyrim:Dwemer_Inquiries_Vol_I
Dwemer Inquiries Vol II|6|Thelwe Ghelein, Scholar|Part of a series of scholarly essays on the elusive Dwemer||https://en.uesp.net/wiki/Skyrim:Dwemer_Inquiries_Vol_II
Dwemer Inquiries Vol III|6|Thelwe Ghelein, Scholar|Part of a series of scholarly essays on the elusive Dwemer||https://en.uesp.net/wiki/Skyrim:Dwemer_Inquiries_Vol_III
Effects of the Elder Scrolls|25|Justinius Poluhnius|A thesis on the four different types of readers of the Elder Scrolls||https://en.uesp.net/wiki/Skyrim:Effects_of_the_Elder_Scrolls
Eisa's Journal|5|Eisa Blackthorn|The journal of a bandit||https://en.uesp.net/wiki/Skyrim:Eisa%27s_Journal
Enchanter's Primer|50|Sergius Turrianus|A guide for novices in enchanting issued by the College of Winterhold|Enchanting skill book|https://en.uesp.net/wiki/Skyrim:Enchanter%27s_Primer
Endrast's Journal|5|Endrast|A journal detailing Endrast's escape from Falmer in Alftand||https://en.uesp.net/wiki/Skyrim:Endrast%27s_Journal
Erj's Notes|5|Erj|Notes revealing an expedition team member's selfish intents||https://en.uesp.net/wiki/Skyrim:Erj%27s_Notes
The Exodus|55|Waughin Jarth|The tale of a parent's desperate bid to save their only child|Restoration skill book|https://en.uesp.net/wiki/Skyrim:The_Exodus
Expedition Manifest|5|Sulla Trebatius|A basic run-down of the Alftand Expedition Camp and its occupants||https://en.uesp.net/wiki/Skyrim:Expedition_Manifest
An Explorer's Guide to Skyrim|8|Marcius Carvain, Viscount Bruma|A brief travel guide for adventuresome tourists in Skyrim||https://en.uesp.net/wiki/Skyrim:An_Explorer%27s_Guide_to_Skyrim
Eydis's JournalDB|25|Eydis|||https://en.uesp.net/wiki/Skyrim:Eydis%27s_Journal
Faded Diary|5||The diary of a refugee from Morrowind who never found safety||https://en.uesp.net/wiki/Skyrim:Faded_Diary
Fall from Glory|8|Nithilis Lidari|Theories on the weakening of the Skyrim Thieves Guild||https://en.uesp.net/wiki/Skyrim:Fall_from_Glory
Fall of the Snow Prince|11|Lokheim|An account of the Battle of the Moesring as transcribed by Lokheim, chronicler to the chieftain Ingjaldr White-Eye||https://en.uesp.net/wiki/Skyrim:Fall_of_the_Snow_Prince
The Falmer: A Study|11|Ursa Uthrax|A study on Falmer, recounting their war with the Dwemer||https://en.uesp.net/wiki/Skyrim:The_Falmer:_A_Study
Father Of The Niben|65|Florin Jaliil|Translation of the fragmented journal of Topal the Pilot|Archery skill book|https://en.uesp.net/wiki/Skyrim:Father_Of_The_Niben
Feyfolken I|12|Waughin Jarth|The Great Sage tells Volume 1 of a story of Artaeum, Psijics, and Robotic Enchanters||https://en.uesp.net/wiki/Skyrim:Feyfolken_I
Feyfolken II|12|Waughin Jarth|The Great Sage tells Volume 2 of a story of Artaeum, Psijics, and Robotic Enchanters||https://en.uesp.net/wiki/Skyrim:Feyfolken_II
Feyfolken III|12|Waughin Jarth|The Great Sage tells Volume 3 of a story of Artaeum, Psijics, and Robotic Enchanters||https://en.uesp.net/wiki/Skyrim:Feyfolken_III
Final Lesson|14|Aegrothius Goth|Two apprentices are separated||https://en.uesp.net/wiki/Skyrim:Final_Lesson
Fire and Darkness|50|Ynir Gorming|The history of the Morag Tong assassin guild|One-handed skill book|https://en.uesp.net/wiki/Skyrim:Fire_and_Darkness
The Firmament|5|Ffoulke|A book of constellations and their meanings||https://en.uesp.net/wiki/Skyrim:The_Firmament
The Firsthold Revolt|7|Maveus Cie|The story of how Hlaalu Helseth's sister kept the Summerset Isle city of Firsthold||https://en.uesp.net/wiki/Skyrim:The_Firsthold_Revolt
Fisherman's Journal|5|Advard|||https://en.uesp.net/wiki/Skyrim:Fisherman%27s_Journal_(camp)
Fisherman's Journal|5||A fisherman writes about superstitions surrounding Lake Ilinalta||https://en.uesp.net/wiki/Skyrim:Fisherman%27s_Journal_(Ilinalta%27s_Deep)
Five Songs of King Wulfharth|30||A summary of five epic songs of King Wulfharth, plus an apocryphal song of the Tribunal, Dagoth-Ur, and Indoril Nerevar||https://en.uesp.net/wiki/Skyrim:Five_Songs_of_King_Wulfharth
The Five Far StarsDB|7|Zershishi Mus-Manul|Ashlander poetry||https://en.uesp.net/wiki/Skyrim:The_Five_Far_Stars
Flight from the Thalmor|13|Hadrik Oaken-Heart|A written epitaph of a Nordic skald||https://en.uesp.net/wiki/Skyrim:Flight_from_the_Thalmor
Forge, Hammer and Anvil|14|Adolphus Eritius|Poorly-written notes on smithing by a Nordic blacksmith in the late Second Era||https://en.uesp.net/wiki/Skyrim:Forge,_Hammer_and_Anvil
The Four Totems of Volskygge|5||A logic puzzle holding the secret to opening a barred gate||https://en.uesp.net/wiki/Skyrim:The_Four_Totems_of_Volskygge
Fragment: On Artaeum|20|Taurce il-Anselma|A work explaining some of the history of the Psijic island of Artaeum||https://en.uesp.net/wiki/Skyrim:Fragment:_On_Artaeum
Frontier, Conquest|5|University of Gwylim Press, 3E 344|Details the presence of humans in Tamriel prior to the original Nordic conquests thought to bring humans to Tamriel||https://en.uesp.net/wiki/Skyrim:Frontier,_Conquest
Galerion The Mystic|6|Asgrim Kolsgreg|A biography of Galerion, a Psijic who founded the Mages Guild||https://en.uesp.net/wiki/Skyrim:Galerion_The_Mystic
Gallus's Encoded Journal|5|Gallus Desidenius|The secret encrypted journal of one of the Nightingales||https://en.uesp.net/wiki/Skyrim:Gallus%27s_Encoded_Journal
Gallus's Journal|5|Gallus Desidenius|Journal entries noting Mercer Frey's betrayal of the Guild||https://en.uesp.net/wiki/Skyrim:Gallus%27s_Journal
A Game at Dinner|55|An Anonymous Spy|A spy's observations upon poison making and a dinner party|Alchemy skill book|https://en.uesp.net/wiki/Skyrim:A_Game_at_Dinner
A Gentleman's Guide to Whiterun|3|Mikael the Bard|A bard's description of life in the city of Whiterun||https://en.uesp.net/wiki/Skyrim:A_Gentleman%27s_Guide_to_Whiterun
Ghosts in the Storm|13|Adonato Leotelli|Author's tale of his encounter with the Falmer||https://en.uesp.net/wiki/Skyrim:Ghosts_in_the_Storm
Glories and Laments|25|Alexandre Hetrard|The "glories" of the Ayleid city Ceyatatar and "laments" over the collapse of the Ayleid civilization||https://en.uesp.net/wiki/Skyrim:Glories_and_Laments
Gods and Worship|5|Brother Hetchfield|Speculation concerning the worship of gods and their benefit from such||https://en.uesp.net/wiki/Skyrim:Gods_and_Worship
The Gold Ribbon of Merit|65|Ampyrian Brum|A man tutors his old friend in marksmanship|Archery skill book|https://en.uesp.net/wiki/Skyrim:The_Gold_Ribbon_of_Merit
Gratian's JournalDB|125|Gratian Caerellius|||https://en.uesp.net/wiki/Skyrim:Gratian%27s_Journal
Great Harbingers|13|Swyk the Long-Sighted|Chronicle of some of the leaders of the Companions||https://en.uesp.net/wiki/Skyrim:Great_Harbingers
The Great War|6|Legate Justianus Quintius|A soldier's summation of the major events before and during the Great War||https://en.uesp.net/wiki/Skyrim:The_Great_War
The Guardian and the TraitorDB|20|Lucius Gallus|A Skaal legend, describing a Dragon Priest's corruption by Herma-Mora||https://en.uesp.net/wiki/Skyrim:The_Guardian_and_the_Traitor
Guide to Better Thieving|60|Wulfmare Shadow-Cloak|A boastful thief discusses the tricks of the trade|Pickpocket skill book|https://en.uesp.net/wiki/Skyrim:Guide_to_Better_Thieving
Habd's Journal|5|Habd|A journal detailing Habd's purchase of the Frostflow Lighthouse and the events leading up the massacre of his family by Falmer||https://en.uesp.net/wiki/Skyrim:Habd%27s_Journal
Hajvarr's Journal|5|Hajvarr Iron-Hand|A journal relaying the White River bandit gang's problems||https://en.uesp.net/wiki/Skyrim:Hajvarr%27s_Journal
Hallgerd's Tale|70|Tavi Dromio|Squabbling over the greatest warrior ever leads to a tale of heavy-armor-master Hlaalu Pasoroth|Heavy Armor skill book|https://en.uesp.net/wiki/Skyrim:Hallgerd%27s_Tale
Hamelyn's Journal|75|Hamelyn|||https://en.uesp.net/wiki/Skyrim:Hamelyn%27s_Journal
Hanging Gardens|30||A travel guide to the Hanging Gardens of Wasten Coridale, written in both Dwemeris and Aldmeris||https://en.uesp.net/wiki/Skyrim:Hanging_Gardens
Hargar's Journal|5|Captain Hargar|Events leading up to the wreckage of the Icerunner||https://en.uesp.net/wiki/Skyrim:Hargar%27s_Journal
Harvesting Frostbite Spider Venom|7||A brief guide to harvesting frostbite spider venom||https://en.uesp.net/wiki/Skyrim:Harvesting_Frostbite_Spider_Venom
Heavy Armor Forging|70|Sven Two-Hammers|A guide to creating Heavy Armor|Smithing skill book|https://en.uesp.net/wiki/Skyrim:Heavy_Armor_Forging
Heddic's Volunruud Notes|5|Heddic Volunnar|About accessing the tomb of Kvenel the Tongue||https://en.uesp.net/wiki/Skyrim:Heddic%27s_Volunruud_Notes
Herbalist's Guide to Skyrim|55|Agneta Falia|A description of alchemy ingredients found in Tamriel's northernmost province, Skyrim|Alchemy skill book|https://en.uesp.net/wiki/Skyrim:Herbalist%27s_Guide_to_Skyrim
Herbane's Bestiary: Automatons|14|Herbane|A guide to Dwemer Constructs||https://en.uesp.net/wiki/Skyrim:Herbane%27s_Bestiary:_Automatons
Herbane's Bestiary: Hagravens|6|Herbane|A guide to Hagravens||https://en.uesp.net/wiki/Skyrim:Herbane%27s_Bestiary:_Hagravens
Herbane's Bestiary: Ice Wraiths|7|Herbane|A guide to Ice Wraiths||https://en.uesp.net/wiki/Skyrim:Herbane%27s_Bestiary:_Ice_Wraiths
History of Raven Rock, Vol. IDB|7|Lyrin Telleno|||https://en.uesp.net/wiki/Skyrim:History_of_Raven_Rock,_Vol._I
History of Raven Rock, Vol. IIDB|7|Lyrin Telleno|||https://en.uesp.net/wiki/Skyrim:History_of_Raven_Rock,_Vol._II
History of Raven Rock, Vol. IIIDB|7|Lyrin Telleno|||https://en.uesp.net/wiki/Skyrim:History_of_Raven_Rock,_Vol._III
Holdings of Jarl Gjalund|5|Slafknir the Scribe|An ancient list of settlements within Whiterun Hold||https://en.uesp.net/wiki/Skyrim:Holdings_of_Jarl_Gjalund
The Holds of Skyrim|3||The official guide of the Imperial Legion to Skyrim and its holds||https://en.uesp.net/wiki/Skyrim:The_Holds_of_Skyrim
The Hope of the Redoran|5|Turiul Nirith|A tale of a child blessed by a prophecy and the interpretation thereof||https://en.uesp.net/wiki/Skyrim:The_Hope_of_the_Redoran
Horker Attacks|4|Heidmir Starkad|The tale of a horker attack||https://en.uesp.net/wiki/Skyrim:Horker_Attacks
Horror of Castle Xyr|55|Baloth-Kul|A One Act Play|Destruction skill book|https://en.uesp.net/wiki/Skyrim:Horror_of_Castle_Xyr
The House of TroublesDB|7||Chronicle of the Daedra who decided not to submit to the Tribunal||https://en.uesp.net/wiki/Skyrim:The_House_of_Troubles
Hrodulf's JournalDB|10|Hrodulf|||https://en.uesp.net/wiki/Skyrim:Hrodulf%27s_Journal
Hunter's Journal|5||||https://en.uesp.net/wiki/Skyrim:Hunter%27s_Journal_(camp)
Hunter's Journal|5||||https://en.uesp.net/wiki/Skyrim:Hunter%27s_Journal_(Tolvald%27s_Cave)
A Hypothetical Treachery|55|Anthil Morvir|A One Act Play|Destruction skill book|https://en.uesp.net/wiki/Skyrim:A_Hypothetical_Treachery
Ice and Chitin|50|Pletius Spatec|A tale of the manipulation of chitin armor|Light Armor skill book|https://en.uesp.net/wiki/Skyrim:Ice_and_Chitin
Ildari's JournalDB|125|Ildari Sarothril|||https://en.uesp.net/wiki/Skyrim:Ildari%27s_Journal
Ildari's Journal, vol. IDB|5|Ildari Sarothril|||https://en.uesp.net/wiki/Skyrim:Ildari%27s_Journal,_vol._I
Ildari's Journal, vol. IIDB|5|Ildari Sarothril|||https://en.uesp.net/wiki/Skyrim:Ildari%27s_Journal,_vol._II
Ildari's Journal, vol. IIIDB|5|Ildari Sarothril|||https://en.uesp.net/wiki/Skyrim:Ildari%27s_Journal,_vol._III
Immortal Blood|4|Anonymous|Dialogues about fighting with vampires||https://en.uesp.net/wiki/Skyrim:Immortal_Blood
Imperial Missive|0|General Tullius|About the Thalmor imprisonment of a Whiterun citizen||https://en.uesp.net/wiki/Skyrim:Imperial_Missive_(Battle-Born)
Imperial Report on Saarthal|13|Heseph Chirirnis|A report from a Mages Guild Scholar assigned to Imperial Archaeologist Sentius Floronius||https://en.uesp.net/wiki/Skyrim:Imperial_Report_on_Saarthal
The Importance of Where|50|Marobar Sul|Book 3 of an incomplete series of fictional stories about the Dwemer|One-handed skill book|https://en.uesp.net/wiki/Skyrim:The_Importance_of_Where
Incident at Necrom|60|Jonquilla Bothe|A story about an illusionist|Illusion skill book|https://en.uesp.net/wiki/Skyrim:Incident_at_Necrom
Invocation of Azura|20|Sigillah Parate|A work written by the High Priestess of Azura arguing the superiority of Azura to other Daedra Princes||https://en.uesp.net/wiki/Skyrim:Invocation_of_Azura
J'zhar's Journal|5|J'zhar|The journal of one of the Khajiti brothers on an ill-fated expedition||https://en.uesp.net/wiki/Skyrim:J%27zhar%27s_Journal
Japhet's Journal|5|Japhet|The journal of a man who became consumed by his obsession||https://en.uesp.net/wiki/Skyrim:Japhet%27s_Journal
Jornibret's Last Dance|50||Song involving men and women's parts|Light Armor skill book|https://en.uesp.net/wiki/Skyrim:Jornibret%27s_Last_Dance
Journal|5|Kornalus|About experiments for infusing elemental energy into Frostbite Spiders||https://en.uesp.net/wiki/Skyrim:Journal_(Harmugstahl)
Journal|5||A dying man's last thoughts||https://en.uesp.net/wiki/Skyrim:Journal_(Meeko%27s_Shack)
Journal|5||About a woman's fatal trip to her favorite swimming hole||https://en.uesp.net/wiki/Skyrim:Journal_(pond)
Journal of Drokt|5|Drokt|||https://en.uesp.net/wiki/Skyrim:Journal_of_Drokt
Journal of Mirtil AngothDG|20|Mirtil Angoth|Translated from Falmer Text by Calcelmo of Markarth||https://en.uesp.net/wiki/Skyrim:Journal_of_Mirtil_Angoth
The Journal of Ralis Sedarys - Volume 19DB|5|Ralis Sedarys|||https://en.uesp.net/wiki/Skyrim:The_Journal_of_Ralis_Sedarys_-_Volume_19
The Journal of Ralis Sedarys - Volume 20DB|5|Ralis Sedarys|||https://en.uesp.net/wiki/Skyrim:The_Journal_of_Ralis_Sedarys_-_Volume_20
The Journal of Ralis Sedarys - Volume 21DB|5|Ralis Sedarys|||https://en.uesp.net/wiki/Skyrim:The_Journal_of_Ralis_Sedarys_-_Volume_21
The Journal of Ralis Sedarys - Volume 22DB|5|Ralis Sedarys|||https://en.uesp.net/wiki/Skyrim:The_Journal_of_Ralis_Sedarys_-_Volume_22
The Journal of Ralis Sedarys - Volume 23DB|5|Ralis Sedarys|||https://en.uesp.net/wiki/Skyrim:The_Journal_of_Ralis_Sedarys_-_Volume_23
Karan's Journal|5|Karan|About a girl's ill-fated plan to elope with her Dunmer lover||https://en.uesp.net/wiki/Skyrim:Karan%27s_Journal
Katria's JournalDG|15|Katria|||https://en.uesp.net/wiki/Skyrim:Katria%27s_Journal
The Keepers of the Razor|5|Silus Vesuius|An account of the separation and division of Mehrunes' Razor into three pieces||https://en.uesp.net/wiki/Skyrim:The_Keepers_of_the_Razor
Killing - Before You're Killed|3|Eduardo Corvus|Tips on effective combat methods||https://en.uesp.net/wiki/Skyrim:Killing_-_Before_You%27re_Killed
King|50|Reven|The final chapter in the adventures of Eslaf Erol|Two-handed skill book|https://en.uesp.net/wiki/Skyrim:King
King Olaf's Verse|30||A lost part of the Poetic Edda, sung during the burning of Olaf's effigy in Solitude||https://en.uesp.net/wiki/Skyrim:King_Olaf%27s_Verse
A Kiss, Sweet Mother|6||A description of the Black Sacrament in order to enlist the Dark Brotherhood||https://en.uesp.net/wiki/Skyrim:A_Kiss,_Sweet_Mother
The Knights of the Nine|70|Karoline of Solitude|The founding and breakup of the original Knights of the Nine|Heavy Armor skill book|https://en.uesp.net/wiki/Skyrim:The_Knights_of_the_Nine
Kodlak's Journal|5|Kodlak Whitemane|The last writings of a Harbinger of the Companions||https://en.uesp.net/wiki/Skyrim:Kodlak%27s_Journal
Kolb & the Dragon|2||A story of a quest to slay a dragon where the reader makes the choices and decides the hero's fate||https://en.uesp.net/wiki/Skyrim:Kolb_%26_the_Dragon
Krag's Journal|5|Krag|Notes on an expedition team's progress into Nchuand-Zel||https://en.uesp.net/wiki/Skyrim:Krag%27s_Journal
Kyr's Log|5|Kyr|The log of an attempt to turn a crypt into a bandit lair||https://en.uesp.net/wiki/Skyrim:Kyr%27s_Log
Last King of the Ayleids|25|Herminia Cinna|Chronicles the downfall of the Ayleid Empire in the First Era||https://en.uesp.net/wiki/Skyrim:Last_King_of_the_Ayleids
The Last King of the Ayleids|5|Herminia Cinna|Chronicles the downfall of the Ayleid Empire in the First Era||https://en.uesp.net/wiki/Skyrim:The_Last_King_of_the_Ayleids
Last Scabbard of Akrash|70|Tabar Vunqidh|Story of a slaver's daughter and her Khajiit lover|Smithing skill book|https://en.uesp.net/wiki/Skyrim:Last_Scabbard_of_Akrash
Legend of Krately House|75|Baloth-Kul|A play about the ghostly Krately family and how they died|Sneak skill book|https://en.uesp.net/wiki/Skyrim:Legend_of_Krately_House
The Legend of Red Eagle|5|Tredayn Dren|An ancient tale about the invasion of the Reach by the First Empire||https://en.uesp.net/wiki/Skyrim:The_Legend_of_Red_Eagle
The Legendary Sancre Tor|50|Matera Chapel|An attempt to chronicle the rise and fall of Sancre Tor|Two-handed skill book|https://en.uesp.net/wiki/Skyrim:The_Legendary_Sancre_Tor
The Legendary Scourge|30||A short story and poem about Scourge, the mace of Malacath||https://en.uesp.net/wiki/Skyrim:The_Legendary_Scourge
Life of Uriel Septim VII|5|Rufus Hayn|A short biography of Uriel Septim VII's accomplishments||https://en.uesp.net/wiki/Skyrim:Life_of_Uriel_Septim_VII
Light Armor Forging|70|Revus Sarvani|A book detailing various aspects of forging the various types of light armor|Smithing skill book|https://en.uesp.net/wiki/Skyrim:Light_Armor_Forging
Liminal Bridges|50|Camilonwe of Alinor|A Discourse On The Theory and Praxis of Traveling Between Mundus and Oblivion|Conjuration skill book|https://en.uesp.net/wiki/Skyrim:Liminal_Bridges
Lives of the SaintsDB|5|Tribunal Temple|Listing and describing prominent saints of the Dunmer||https://en.uesp.net/wiki/Skyrim:Lives_of_the_Saints
The Locked Room|75|Porbert Lyttumly|How a pupil outlocks her cruel picklock instructor|Lockpicking skill book|https://en.uesp.net/wiki/Skyrim:The_Locked_Room
Lost Legends|11|Talsgar the Elder, Archivist of Winterhold|A collection of less well-known folk tales from Skyrim's past||https://en.uesp.net/wiki/Skyrim:Lost_Legends
Love Poem|5|Yngvar the Singer|||https://en.uesp.net/wiki/Skyrim:Love_Poem
Lu-ah's Journal|5|Lu'ah Al-Skaven|||https://en.uesp.net/wiki/Skyrim:Lu-ah%27s_Journal
The Lunar Lorkhan|60|Fal Droon|A theory about the moons Masser and Secunda|Alteration skill book|https://en.uesp.net/wiki/Skyrim:The_Lunar_Lorkhan
The Lusty Argonian Maid, v1|14|Crassius Curio|A short excerpt from Crassius Curio's bawdy play||https://en.uesp.net/wiki/Skyrim:The_Lusty_Argonian_Maid,_v1
The Lusty Argonian Maid, v2|14|Crassius Curio|Another short scene from the pen of Vivec City's foremost playwright||https://en.uesp.net/wiki/Skyrim:The_Lusty_Argonian_Maid,_v2
Lusty Argonian Maid FolioDB|25|Crassius Curio|||https://en.uesp.net/wiki/Skyrim:Lusty_Argonian_Maid_Folio
Lycanthropic Legends of Skyrim|20|Lentulus Inventius, Order of the Horn|A recounting of the unwillingness of Skyrim's inhabitants to share stories of Lycanthropy||https://en.uesp.net/wiki/Skyrim:Lycanthropic_Legends_of_Skyrim
Lymdrenn Tenvanni's Journal|5|Lymdrenn Tenvanni|A father's last words, as transcribed by a family servant||https://en.uesp.net/wiki/Skyrim:Lymdrenn_Tenvanni%27s_Journal
Mace Etiquette|50||A warrior's instruction pamphlet on proper mace tactics|One-handed skill book|https://en.uesp.net/wiki/Skyrim:Mace_Etiquette
The "Madmen" of the Reach|7|Arrianus Arius, Imperial Scholar|A defense of the Forsworn||https://en.uesp.net/wiki/Skyrim:The_%22Madmen%22_of_the_Reach
The Madness of Pelagius|12|Tsathenes|Profiling the renowned Mad Emperor||https://en.uesp.net/wiki/Skyrim:The_Madness_of_Pelagius
Magic from the Sky|12|Irlav Jarol|Treatise concerning Ayleid Wells, Welkynd Stones, and Varla Stones||https://en.uesp.net/wiki/Skyrim:Magic_from_the_Sky
Maluril's Journal|5|Maluril Ferano|||https://en.uesp.net/wiki/Skyrim:Maluril%27s_Journal
Malyn Varen's Grimoire|30|Malyn Varen, Master Enchanter|A proud mage boasts of altering a Daedric artifact||https://en.uesp.net/wiki/Skyrim:Malyn_Varen%27s_Grimoire
Mannimarco, King of Worms|55|Horicles|Biography of Mannimarco, the leader of Necromancers, in verse|Alchemy skill book|https://en.uesp.net/wiki/Skyrim:Mannimarco,_King_of_Worms
Margret's Journal|5|Margret|An Imperial Legion spy's journal detailing a mission to acquire the Cidhna Mine||https://en.uesp.net/wiki/Skyrim:Margret%27s_Journal
Markarth Home Decorating Guide|5||Details on accessory packages available for a Markarth home||https://en.uesp.net/wiki/Skyrim:Markarth_Home_Decorating_Guide
The Marksmanship Lesson|65|Alla Llaleth|How a Bosmer slave teaches his master's son marksmanship|Archery skill book|https://en.uesp.net/wiki/Skyrim:The_Marksmanship_Lesson
Master Illusion Text|5||||https://en.uesp.net/wiki/Skyrim:Master_Illusion_Text_(1)
Master Illusion Text|5||||https://en.uesp.net/wiki/Skyrim:Master_Illusion_Text_(2)
Master Illusion Text|5||||https://en.uesp.net/wiki/Skyrim:Master_Illusion_Text_(3)
Master Illusion Text|5||||https://en.uesp.net/wiki/Skyrim:Master_Illusion_Text_(4)
Medresi's Notes|5|Medresi Dran|The Journal of Medresi Dran||https://en.uesp.net/wiki/Skyrim:Medresi%27s_Notes
Merchant's Journal|5||||https://en.uesp.net/wiki/Skyrim:Merchant%27s_Journal
Merilar's JournalDB|5|Merilar Rendas|The journal of Merilar Rendas||https://en.uesp.net/wiki/Skyrim:Merilar%27s_Journal
Midden Incident Report|5||||https://en.uesp.net/wiki/Skyrim:Midden_Incident_Report
Miner's Journal|5|Hadrir|||https://en.uesp.net/wiki/Skyrim:Miner%27s_Journal
A Minor Maze|8||A brief history of Labyrinthian||https://en.uesp.net/wiki/Skyrim:A_Minor_Maze
MinorneDG|5|Moric Sidrey|||https://en.uesp.net/wiki/Skyrim:Minorne_(book)
The Mirror|50|Berdier Wreans|About a skilled fighter's showdown with his greatest enemy|Block skill book|https://en.uesp.net/wiki/Skyrim:The_Mirror
Mixed Unit Tactics|5|Codus Callonus|A book about the strategies of the Khajiit during the Five Years War||https://en.uesp.net/wiki/Skyrim:Mixed_Unit_Tactics
The Monomyth|8||A theological book containing the common creation myths||https://en.uesp.net/wiki/Skyrim:The_Monomyth
Mysterious Akavir|5||Information about the continent Akavir||https://en.uesp.net/wiki/Skyrim:Mysterious_Akavir
Mystery of Talara, v 1|3|Mera Llykith|Part one of the story of Princess Talara||https://en.uesp.net/wiki/Skyrim:Mystery_of_Talara,_v_1
Mystery of Talara, v 2|55|Mera Llykith|Part two of the story of Princess Talara|Restoration skill book|https://en.uesp.net/wiki/Skyrim:Mystery_of_Talara,_v_2
Mystery of Talara, Part 4|60|Mera Llykith|Part four of the story of Princess Talara|Illusion skill book|https://en.uesp.net/wiki/Skyrim:Mystery_of_Talara,_Part_4
Mystery of Talara, v3|55|Mera Llykith|Part three of the story of Princess Talara|Destruction skill book|https://en.uesp.net/wiki/Skyrim:Mystery_of_Talara,_v3
Mystery of Talara, v5|11|Mera Llykith|Part five of the story of Princess Talara||https://en.uesp.net/wiki/Skyrim:Mystery_of_Talara,_v5
Mythic Dawn Commentaries 1|25|Mankar Camoran|The first book read by initiates to the Mythic Dawn cult||https://en.uesp.net/wiki/Skyrim:Mythic_Dawn_Commentaries_1
Mythic Dawn Commentaries 2|25|Mankar Camoran|The second book read by initiates to the Mythic Dawn cult||https://en.uesp.net/wiki/Skyrim:Mythic_Dawn_Commentaries_2
Mythic Dawn Commentaries 3|25|Mankar Camoran|The third book read by initiates to the Mythic Dawn cult||https://en.uesp.net/wiki/Skyrim:Mythic_Dawn_Commentaries_3
Mythic Dawn Commentaries 4|25|Mankar Camoran|The fourth and final book read by initiates to the Mythic Dawn cult||https://en.uesp.net/wiki/Skyrim:Mythic_Dawn_Commentaries_4
Myths of Sheogorath|2|Mymophonus|Magical myths about the Madgod himself||https://en.uesp.net/wiki/Skyrim:Myths_of_Sheogorath
N'Gasta! Kvata! Kvakis!|20|N'Gasta|An obscure text written in the language of the Sload by a necromancer||https://en.uesp.net/wiki/Skyrim:N%27Gasta!_Kvata!_Kvakis!
Nchunak's Fire and FaithDB|20|Nchunak|Nchunak's journey among the Dwemer and his attempts to understand the teachings of Kagrenac||https://en.uesp.net/wiki/Skyrim:Nchunak%27s_Fire_and_Faith
Nepos's Journal|5|Nepos the Nose|The regretful musings of an elderly Forsworn agent||https://en.uesp.net/wiki/Skyrim:Nepos%27s_Journal
Nerevar at Red MountainDB|30|the Tribunal Temple|A scholarly description of the events surrounding the Battle at Red Mountain and its aftermath||https://en.uesp.net/wiki/Skyrim:Nerevar_at_Red_Mountain
Nerevar Moon and Star|30||An Imperial scholarly work on the legend of Indoril Nerevar||https://en.uesp.net/wiki/Skyrim:Nerevar_Moon_and_Star
Night Falls on Sentinel|50|Boali|How a knight weeds out an enemy of the king|One-handed skill book|https://en.uesp.net/wiki/Skyrim:Night_Falls_on_Sentinel
The Night Mother's Truth|25|Gaston Bellefort|A thesis on the Dark Brotherhood and its spiritual leader||https://en.uesp.net/wiki/Skyrim:The_Night_Mother%27s_Truth
Night of Tears|5|Dranor Seleth|An inquiry into the cause of the Night of Tears||https://en.uesp.net/wiki/Skyrim:Night_of_Tears
Nightingales: Fact or Fiction?|3|Wilimina Roth|Dissertation discussing whether a mysterious group of thieves actually exists||https://en.uesp.net/wiki/Skyrim:Nightingales:_Fact_or_Fiction%3F
The Nightingales Vol. 1|500|Gallus Desidenius|Volume 1 of the books that describe the Nightingales||https://en.uesp.net/wiki/Skyrim:The_Nightingales_Vol._1
The Nightingales Vol. 2|500|Gallus Desidenius|Volume 2 of the books that describe the Nightingales||https://en.uesp.net/wiki/Skyrim:The_Nightingales_Vol._2
The Nirnoot Missive|250|Sinderion|A description of the enigmatic plant called Nirnroot||https://en.uesp.net/wiki/Skyrim:The_Nirnoot_Missive
Nords Arise!|4|Anonymous|Stormcloak's recruitment essay calling for rebellion against the Empire||https://en.uesp.net/wiki/Skyrim:Nords_Arise!
Nords of Skyrim|6|Hrothmund Wolf-Heart|An essay professing the finer qualities of Nords||https://en.uesp.net/wiki/Skyrim:Nords_of_Skyrim
Notes on Dimhollow Crypt, Vol. 3DG|11|Adalvald|||https://en.uesp.net/wiki/Skyrim:Notes_on_Dimhollow_Crypt,_Vol._3
Notes On The Lunar Forge|55||Observations about Lunar weapons||https://en.uesp.net/wiki/Skyrim:Notes_On_The_Lunar_Forge
Notes on Yngol Barrow|5||A scholar's transcription of ancient Nord writings in a Skyrim barrow||https://en.uesp.net/wiki/Skyrim:Notes_on_Yngol_Barrow
Nystrom's Journal|150|Nystrom|A bandit's journal on attempting to con their way into the Twilight Sepulcher||https://en.uesp.net/wiki/Skyrim:Nystrom%27s_Journal
The Oblivion Crisis|6|Praxis Sarcorum, Imperial Historian|A summary of the events stemming from the assassination of Emperor Uriel Septim VII||https://en.uesp.net/wiki/Skyrim:The_Oblivion_Crisis
Ode To The Tundrastriders|8|Unknown|A poem dedicated to giants||https://en.uesp.net/wiki/Skyrim:Ode_To_The_Tundrastriders
Of Crossed Daggers|5|Dwennon Wyndell|The story of Riften's fall from grace||https://en.uesp.net/wiki/Skyrim:Of_Crossed_Daggers
Of Fjori and Holgeir|6||A tale of two star-crossed lovers in Skyrim||https://en.uesp.net/wiki/Skyrim:Of_Fjori_and_Holgeir
Oghma Infinium|2500|Xarxes|An ancient text containing the knowledge of Hermaeus Mora||https://en.uesp.net/wiki/Skyrim:Oghma_Infinium
Olaf and the Dragon|2|Adonato Leotelli|A historian ponders the legend of Olaf One-Eye and Numinex||https://en.uesp.net/wiki/Skyrim:Olaf_and_the_Dragon
Old Tome|5||A poetic hint on how to open a hidden door||https://en.uesp.net/wiki/Skyrim:Old_Tome
The Old Ways|30|Celarus the Loremaster|A guide to the Psijic Order and their beliefs||https://en.uesp.net/wiki/Skyrim:The_Old_Ways
On Apocrypha: Boneless LimbsDB|100||||https://en.uesp.net/wiki/Skyrim:On_Apocrypha:_Boneless_Limbs
On Apocrypha: Delving PincersDB|100||||https://en.uesp.net/wiki/Skyrim:On_Apocrypha:_Delving_Pincers
On Apocrypha: Gnashing BladesDB|100||||https://en.uesp.net/wiki/Skyrim:On_Apocrypha:_Gnashing_Blades
On Apocrypha: Prying OrbsDB|100||||https://en.uesp.net/wiki/Skyrim:On_Apocrypha:_Prying_Orbs
On Oblivion|10|Morian Zenas|A guide to Oblivion and the Daedra||https://en.uesp.net/wiki/Skyrim:On_Oblivion
On Stepping Lightly|12|Sigilis Justus|A warning on what to expect in the ruins of Skyrim||https://en.uesp.net/wiki/Skyrim:On_Stepping_Lightly
On the Great Collapse|12|Arch-Mage Deneth|A letter from the Arch-Mage of the College of Winterhold to the Jarl following the Great Collapse||https://en.uesp.net/wiki/Skyrim:On_the_Great_Collapse
Opusculus Lamae Bal|14|Mabei Aywenil, Scribe|A brief account of Lamae Bal and the Restless Death||https://en.uesp.net/wiki/Skyrim:Opusculus_Lamae_Bal
Orsinium and the Orcs|70|Menyna Gsost|The story of how Gortwog won the land to the north of Wayrest|Heavy Armor skill book|https://en.uesp.net/wiki/Skyrim:Orsinium_and_the_Orcs
Palla, volume 1|3|Vojne Mierstyyd|A conjurer's tragic infatuation with a dead woman (volume 1 of 2)||https://en.uesp.net/wiki/Skyrim:Palla,_volume_1
Palla, volume 2|10|Vojne Mierstyyd|A conjurer's tragic infatuation with a dead woman (volume 2 of 2)||https://en.uesp.net/wiki/Skyrim:Palla,_volume_2
Pension of the Ancestor Moth|8||A Temple novice's initiatory pamphlet on the Cult of the Ancestor Moth||https://en.uesp.net/wiki/Skyrim:Pension_of_the_Ancestor_Moth
Physicalities of Werewolves|14|Reman Crex|A morbid anatomical study of werewolves on live subjects||https://en.uesp.net/wiki/Skyrim:Physicalities_of_Werewolves
The Pig Children|20|Tyston Bane|Discusses the history of the Orcish threat in the Iliac Bay||https://en.uesp.net/wiki/Skyrim:The_Pig_Children
Pirate King of the Abecean|6||An ode to the Pirate King||https://en.uesp.net/wiki/Skyrim:Pirate_King_of_the_Abecean
The Poison Song, Book IDB|3|Bristin Xel|Part 1 of an epic set in the aftermath of the war with the Dwemer and House Dagoth||https://en.uesp.net/wiki/Skyrim:The_Poison_Song,_Book_I
The Poison Song, Book IIDB|3|Bristin Xel|Part 2 of an epic set in the aftermath of the war with the Dwemer and House Dagoth||https://en.uesp.net/wiki/Skyrim:The_Poison_Song,_Book_II
The Poison Song, Book IIIDB|3|Bristin Xel|Part 3 of an epic set in the aftermath of the war with the Dwemer and House Dagoth||https://en.uesp.net/wiki/Skyrim:The_Poison_Song,_Book_III
The Poison Song, Book IVDB|3|Bristin Xel|Part 4 of an epic set in the aftermath of the war with the Dwemer and House Dagoth||https://en.uesp.net/wiki/Skyrim:The_Poison_Song,_Book_IV
The Poison Song, Book VDB|3|Bristin Xel|Part 5 of an epic set in the aftermath of the war with the Dwemer and House Dagoth||https://en.uesp.net/wiki/Skyrim:The_Poison_Song,_Book_V
The Poison Song, Book VIDB|3|Bristin Xel|Part 6 of an epic set in the aftermath of the war with the Dwemer and House Dagoth||https://en.uesp.net/wiki/Skyrim:The_Poison_Song,_Book_VI
The Poison Song, Book VIIDB|3|Bristin Xel|Part 7 of an epic set in the aftermath of the war with the Dwemer and House Dagoth||https://en.uesp.net/wiki/Skyrim:The_Poison_Song,_Book_VII
The Posting of the Hunt|25||A document announcing a ritualistic hunting of a mortal by Daedra||https://en.uesp.net/wiki/Skyrim:The_Posting_of_the_Hunt
Power of the Elements|5|||Fire Storm spell tome|https://en.uesp.net/wiki/Skyrim:Power_of_the_Elements
Proper Lock Design|75|Unknown|Written as a manual for lock designers, unintentionally helpful to thieves|Lockpicking skill book|https://en.uesp.net/wiki/Skyrim:Proper_Lock_Design
Purloined Shadows|60|Waughin Jarth|A chill tale recounting the theft of Nocturnal's cowl|Pickpocket skill book|https://en.uesp.net/wiki/Skyrim:Purloined_Shadows
Racial Phylogeny|55|the Council of Healers, Imperial University|About the similarities and differences between the races of Tamriel|Restoration skill book|https://en.uesp.net/wiki/Skyrim:Racial_Phylogeny
Raleth Eldri's Notes on KagrumezDB|5|Raleth Eldri|||https://en.uesp.net/wiki/Skyrim:Raleth_Eldri%27s_Notes_on_Kagrumez
Ramati's Journal|5|Ramati|A journal detailing a Redguard family's purchase of the Frostflow Lighthouse leading up to their massacre by Falmer||https://en.uesp.net/wiki/Skyrim:Ramati%27s_Journal
The Ransom of Zarek|2|Marobar Sul|How a boy escapes his kidnappers||https://en.uesp.net/wiki/Skyrim:The_Ransom_of_Zarek
The Real Barenziah, v1|5|Anonymous|Unauthorized biography of the famous Queen Mother of Morrowind, Volume 1||https://en.uesp.net/wiki/Skyrim:The_Real_Barenziah,_v1
The Real Barenziah, v2|5|Anonymous|Unauthorized biography of the famous Queen Mother of Morrowind, Volume 2||https://en.uesp.net/wiki/Skyrim:The_Real_Barenziah,_v2
The Real Barenziah, v3|5|Anonymous|Unauthorized biography of the famous Queen Mother of Morrowind, Volume 3||https://en.uesp.net/wiki/Skyrim:The_Real_Barenziah,_v3
The Real Barenziah, v4|5|Anonymous|Unauthorized biography of the famous Queen Mother of Morrowind, Volume 4||https://en.uesp.net/wiki/Skyrim:The_Real_Barenziah,_v4
The Real Barenziah, v5|5|Anonymous|Unauthorized biography of the famous Queen Mother of Morrowind, Volume 5||https://en.uesp.net/wiki/Skyrim:The_Real_Barenziah,_v5
Reality & Other Falsehoods|60||Summary of the basic principles of Alteration magic|Alteration skill book|https://en.uesp.net/wiki/Skyrim:Reality_%26_Other_Falsehoods
The Rear Guard|50|Tenace Mourl|How a lone man guards a besieged castle and how he obtains his food|Light Armor skill book|https://en.uesp.net/wiki/Skyrim:The_Rear_Guard
The ReclamationsDB|6|Thara of Rihad|An account of changes in the Dunmer religion following the end of the Tribunal||https://en.uesp.net/wiki/Skyrim:The_Reclamations
The Red Book of Riddles|30||Small collection of riddles||https://en.uesp.net/wiki/Skyrim:The_Red_Book_of_Riddles
Red Eagle's Rite|5||A rite to raise the legendary Red Eagle from death||https://en.uesp.net/wiki/Skyrim:Red_Eagle%27s_Rite
The Red Kitchen Reader|75|Simocles Quo|Autobiographical musings of how the Master of Cuisine came to adore viands|Sneak skill book|https://en.uesp.net/wiki/Skyrim:The_Red_Kitchen_Reader
The Red Year, Vol. IDB|6|Melis Ravel|Dunmer of Morrowind describe the Red Year||https://en.uesp.net/wiki/Skyrim:The_Red_Year,_Vol._I
The Red Year, Vol. IIDB|6|Melis Ravel|Dunmer of Morrowind describe the Red Year||https://en.uesp.net/wiki/Skyrim:The_Red_Year,_Vol._II
The Refugees|50|Geros Albreigh|History of refugees fleeing the Camoran Usurper|Light Armor skill book|https://en.uesp.net/wiki/Skyrim:The_Refugees
Remanada|20||Fragmented, mythical recounting of the conception of Reman and the return of the Chim-el Adabal with the people of Tamriel||https://en.uesp.net/wiki/Skyrim:Remanada
Report: Disaster at Ionith|3|Lord Pottreid, Chairman|An Imperial-scripted dispatch concerning Uriel V's invasion of Akavir||https://en.uesp.net/wiki/Skyrim:Report:_Disaster_at_Ionith
Research Log|5|First Adjunct Oronrel|||https://en.uesp.net/wiki/Skyrim:Research_Log
Research Notes|5|Sulla Trebatius|Research notes on the discovery of Dwarven Spider Automatons||https://en.uesp.net/wiki/Skyrim:Research_Notes
Response to Bero's Speech|55|Malviser, Battlemage|Commentaries of "Bero's Speech to the Battlemages" book|Destruction skill book|https://en.uesp.net/wiki/Skyrim:Response_to_Bero%27s_Speech
Riften Home Decorating Guide|5||Details on accessory packages available for a Riften home||https://en.uesp.net/wiki/Skyrim:Riften_Home_Decorating_Guide
The Rise and Fall of the Blades|11|Anonymous|On the Blades' origins and their fate||https://en.uesp.net/wiki/Skyrim:The_Rise_and_Fall_of_the_Blades
Rising Threat, Vol. I|6|Lathenil of Sunhold|Volume one in the series of books about Thalmor||https://en.uesp.net/wiki/Skyrim:Rising_Threat,_Vol._I
Rising Threat, Vol. II|6|Lathenil of Sunhold|Volume two in the series of books about Thalmor||https://en.uesp.net/wiki/Skyrim:Rising_Threat,_Vol._II
Rising Threat, Vol. III|6|Lathenil of Sunhold|Volume three in a series of books about the Thalmor||https://en.uesp.net/wiki/Skyrim:Rising_Threat,_Vol._III
Rising Threat, Vol. IV|6|Lathenil of Sunhold|Final volume in a series of books about the Thalmor||https://en.uesp.net/wiki/Skyrim:Rising_Threat,_Vol._IV
Rislav The Righteous|50|Sinjin|Heroic tales of Rislav Larich, ancient King of Skingrad|Light Armor skill book|https://en.uesp.net/wiki/Skyrim:Rislav_The_Righteous
Ruined Trailbook|5||Travel log of an ill-fated group's accidental foray into Falmer territory||https://en.uesp.net/wiki/Skyrim:Ruined_Trailbook
Ruins of Kemel-Ze|7|Rolard Nordssen|An archaeologist's adventure through ancient Dwemer ruins||https://en.uesp.net/wiki/Skyrim:Ruins_of_Kemel-Ze
Ruminations on the Elder Scrolls|30|Septimus Signus|A philosophical view on the role of the Elder Scrolls||https://en.uesp.net/wiki/Skyrim:Ruminations_on_the_Elder_Scrolls
Runil's Journal|5|Runil|The journal of a priest that portents the return of Dragons and the arrival of the Dovahkiin||https://en.uesp.net/wiki/Skyrim:Runil%27s_Journal
Sacred Witness|75|Enric Milnes|Account of Enric's meeting with the Night Mother and career as an assassin|Sneak skill book|https://en.uesp.net/wiki/Skyrim:Sacred_Witness
Saden's JournalDB|1|Saden|The journal of Saden||https://en.uesp.net/wiki/Skyrim:Saden%27s_Journal
Saint Jiub's OpusDG|1250|Jiub|Saint Jiub the Eradicator of the Winged Menace recounts his rise to glory||https://en.uesp.net/wiki/Skyrim:Saint_Jiub%27s_Opus
Scourge of the Gray Quarter|8|Frilgeth Horse-Breaker|A complaint on the presence and behavior of the growing Dunmer population of Skyrim||https://en.uesp.net/wiki/Skyrim:Scourge_of_the_Gray_Quarter
The Secrets of Ragnvald|5||A poem about Otar's corruption and the fate of two warriors sent to stop him||https://en.uesp.net/wiki/Skyrim:The_Secrets_of_Ragnvald
The Seed|10|Marobar Sul|Book 2 of an incomplete series of fictional stories about the Dwemer||https://en.uesp.net/wiki/Skyrim:The_Seed
Servos' JournalDB|5|Servos Rendas|The journal of Servos Rendas||https://en.uesp.net/wiki/Skyrim:Servos%27_Journal
Shadowmarks|30|Delvin Mallory|A list of symbols members of the Thieves Guild leave behind for each other||https://en.uesp.net/wiki/Skyrim:Shadowmarks_(book)
Shalidor's Insights|5|Shalidor|A disquisition on the origin and nature of Dragons||https://en.uesp.net/wiki/Skyrim:Shalidor%27s_Insights_(book)
Shezarr and the Divines|11|Faustillus Junius|The relationship between the god Shezarr and the other Cyrodilic deities||https://en.uesp.net/wiki/Skyrim:Shezarr_and_the_Divines
Short History of Morrowind|15|Jeanette Sitte|Some excerpts from the book's introduction and its section on Vvardenfell||https://en.uesp.net/wiki/Skyrim:Short_History_of_Morrowind
Sild's Journal|5|Sild the Warlock|Journal entries on how a warlock captures live test subjects with a pit fall trap||https://en.uesp.net/wiki/Skyrim:Sild%27s_Journal
Sinderion's Field Journal|30|Sinderion|A detailed account of an alchemist's obsession with Nirnroot||https://en.uesp.net/wiki/Skyrim:Sinderion%27s_Field_Journal
Sithis|60||Text detailing an apparent connection between Sithis and Lorkhan|Alteration skill book|https://en.uesp.net/wiki/Skyrim:Sithis
Skorm Snow-Strider's Journal|5|Skorm Snow-Strider|The journal of a First Era Nordic commander and his encounter with the Dragon Cult||https://en.uesp.net/wiki/Skyrim:Skorm_Snow-Strider%27s_Journal
Skyrim's Rule|14|Abdul-Mujib Ababneh|A Redguard explains Skyrim's political system||https://en.uesp.net/wiki/Skyrim:Skyrim%27s_Rule
Smuggler's Journal|5||||https://en.uesp.net/wiki/Skyrim:Smuggler%27s_Journal
Solitude Home Decorating Guide|5||Details on accessory packages available for a Solitude home||https://en.uesp.net/wiki/Skyrim:Solitude_Home_Decorating_Guide
Song Of Hrormir|50||The epic narrative of Hrormir, one-time champion of Nocturnal|Two-handed skill book|https://en.uesp.net/wiki/Skyrim:Song_Of_Hrormir
Song of the Alchemists|55|Marobar Sul|Book 5 of an incomplete series of fictional stories about the Dwemer|Alchemy skill book|https://en.uesp.net/wiki/Skyrim:Song_of_the_Alchemists
Song of the Askelde Men|5||A traditional Nordic poem about a ghost stalking those that killed him||https://en.uesp.net/wiki/Skyrim:Song_of_the_Askelde_Men
The Song of Pelinal, v1|5||A description of the origins of Pelinal's name||https://en.uesp.net/wiki/Skyrim:The_Song_of_Pelinal,_v1
The Song of Pelinal, v2|5||A history of Pelinal's origins||https://en.uesp.net/wiki/Skyrim:The_Song_of_Pelinal,_v2
The Song of Pelinal, v3|5||A description of Pelinal's mortal enemy, Umaril the Unfeathered||https://en.uesp.net/wiki/Skyrim:The_Song_of_Pelinal,_v3
The Song of Pelinal, v4|5||A brief list of Pelinal's great deeds||https://en.uesp.net/wiki/Skyrim:The_Song_of_Pelinal,_v4
The Song of Pelinal, v5|5||Notes about Pelinal's friendship with Morihaus||https://en.uesp.net/wiki/Skyrim:The_Song_of_Pelinal,_v5
The Song of Pelinal, v6|5||Thoughts on Pelinal's madness||https://en.uesp.net/wiki/Skyrim:The_Song_of_Pelinal,_v6
The Song of Pelinal, v7|5||On Pelinal's battle with Umaril, and his dismemberment||https://en.uesp.net/wiki/Skyrim:The_Song_of_Pelinal,_v7
The Song of Pelinal, v8|5||Pelinal's words at the deathbed of Alessia||https://en.uesp.net/wiki/Skyrim:The_Song_of_Pelinal,_v8
Songs of Skyrim|10|Giraud Gemaine, Historian of the Bards College, Solitude|A compilation of popular songs in Skyrim||https://en.uesp.net/wiki/Skyrim:Songs_of_Skyrim
Songs of Skyrim: Revised|14|Giraud Gemaine, Historian of the Bards College, Solitude|A compilation of popular songs in Skyrim||https://en.uesp.net/wiki/Skyrim:Songs_of_Skyrim:_Revised
Songs of the Return, Vol 2|6||Part of the traditional legend of Ysgramor and his Five Hundred Companions||https://en.uesp.net/wiki/Skyrim:Songs_of_the_Return,_Vol_2
Songs of the Return, Vol 7|6||Part of the traditional legend of Ysgramor and his Five Hundred Companions||https://en.uesp.net/wiki/Skyrim:Songs_of_the_Return,_Vol_7
Songs of the Return, Vol 19|6||Part of the traditional legend of Ysgramor and his Five Hundred Companions||https://en.uesp.net/wiki/Skyrim:Songs_of_the_Return,_Vol_19
Songs of the Return, vol 24|30||Part of the traditional legend of Ysgramor and his Five Hundred Companions||https://en.uesp.net/wiki/Skyrim:Songs_of_the_Return,_vol_24
Songs of the Return, Vol 56|6||Part of the traditional legend of Ysgramor and his Five Hundred Companions||https://en.uesp.net/wiki/Skyrim:Songs_of_the_Return,_Vol_56
Souls, Black and White|20||A scholar's look at the souls of man and beast||https://en.uesp.net/wiki/Skyrim:Souls,_Black_and_White
Sovngarde: A Reexamination|12|Bereditte Jastal|Speculation regarding Sovngarde, the Nordic Hall of Valor||https://en.uesp.net/wiki/Skyrim:Sovngarde:_A_Reexamination
Spider Experiment NotesDB|5||||https://en.uesp.net/wiki/Skyrim:Spider_Experiment_Notes
Spirit of Nirn|6||Opinions of the god Lorkhan and the origin of creation||https://en.uesp.net/wiki/Skyrim:Spirit_of_Nirn
Spirit of the Daedra|25||A look into the Daedric mindset||https://en.uesp.net/wiki/Skyrim:Spirit_of_the_Daedra
Staubin's Diary|5|Staubin|An account of an expedition into Nchuand-Zel||https://en.uesp.net/wiki/Skyrim:Staubin%27s_Diary
Stromm's Diary|5|Stromm|Research notes on an expedition into Nchuzand-Zel||https://en.uesp.net/wiki/Skyrim:Stromm%27s_Diary
Sudi's Journal|5|Sudi|A journal detailing the moments from Sudi moving into Frostflow Lighthouse until her family's massacre by Falmer||https://en.uesp.net/wiki/Skyrim:Sudi%27s_Journal
Sulla's Journal|5|Sulla Trebatius|A journal describing an ill fated excavation of Alftand||https://en.uesp.net/wiki/Skyrim:Sulla%27s_Journal
The Sultry Argonian Bard, v1DG|14|Ellya Erdain|A short excerpt from Ellya Erdain's play||https://en.uesp.net/wiki/Skyrim:The_Sultry_Argonian_Bard,_v1
Surfeit of Thieves|75|Aniis Noru|How a busted robbery gets even worse|Lockpicking skill book|https://en.uesp.net/wiki/Skyrim:Surfeit_of_Thieves
Suvaris Atheron's Logbook|5|Suvaris Atheron|||https://en.uesp.net/wiki/Skyrim:Suvaris_Atheron%27s_Logbook
The Tale of Dro'Zira|11|Sonia Vette|A Khajiit father in the grips of moon-sugar gives his cub a history lesson||https://en.uesp.net/wiki/Skyrim:The_Tale_of_Dro%27Zira
The Talos Mistake|7|Leonora Venatus|Propaganda encouraging acceptance of the ban on the worship of Talos||https://en.uesp.net/wiki/Skyrim:The_Talos_Mistake
Tattered Journal|5||||https://en.uesp.net/wiki/Skyrim:Tattered_Journal_(Embershard_Mine)
Tattered Journal|5||||https://en.uesp.net/wiki/Skyrim:Tattered_Journal_(Tolvald%27s_Cave)
Thalmor Dossier: Delphine|5||Thalmor Dossier on the Blades agent Delphine||https://en.uesp.net/wiki/Skyrim:Thalmor_Dossier:_Delphine
Thalmor Dossier: Esbern|5||Thalmor Dossier on the Blades Loremaster Esbern||https://en.uesp.net/wiki/Skyrim:Thalmor_Dossier:_Esbern
Thalmor Dossier: Ulfric Stormcloak|5||Thalmor Dossier on the Stormcloaks leader and Jarl of Windhelm Ulfric Stormcloak||https://en.uesp.net/wiki/Skyrim:Thalmor_Dossier:_Ulfric_Stormcloak
There Be Dragons|11|Torhal Bjorik|A report on the nature of dragons||https://en.uesp.net/wiki/Skyrim:There_Be_Dragons
Thief|60|Reven|The second chapter of the adventures of Eslaf Erol|Pickpocket skill book|https://en.uesp.net/wiki/Skyrim:Thief_(book)
Thief of Virtue|5||A bawdy tale of one thief's quest for coin, and capture of a lady's virtue||https://en.uesp.net/wiki/Skyrim:Thief_of_Virtue
The Third Door|11|Annanar Orme|Tale of a heart-broken, vengeful, axe-wielding woman||https://en.uesp.net/wiki/Skyrim:The_Third_Door
The Third Era Timeline|8|Jaspus Ignateous|An accounting of the most significant events of the Third Era||https://en.uesp.net/wiki/Skyrim:The_Third_Era_Timeline
Thirsk, A Revised HistoryDB|3||Chronicles the Nord mead hall of Thirsk circa 4E 201, focusing primarily on its chieftains||https://en.uesp.net/wiki/Skyrim:Thirsk,_A_Revised_History
Thonar's Journal|5|Thonar Silver-Blood|Revelations that Thonar Silver-Blood is having secret dealings with the Forsworn||https://en.uesp.net/wiki/Skyrim:Thonar%27s_Journal
Three Thieves|75|Anonymous|Some thieves in Morrowind plan a heist|Sneak skill book|https://en.uesp.net/wiki/Skyrim:Three_Thieves
Tolfdir's Book|5|Asgrim Kolsgreg|A biography of Galerion, a Psijic who founded the Mages Guild||https://en.uesp.net/wiki/Skyrim:Tolfdir%27s_Book
The Totems of Hircine|30||Werewolf tales regarding artifacts of Hircine||https://en.uesp.net/wiki/Skyrim:The_Totems_of_Hircine
Touching the SkyDG|20|Parmion Saldor|Translated from Falmer Text by Calcelmo of Markarth||https://en.uesp.net/wiki/Skyrim:Touching_the_Sky_(book)
A Tragedy in Black|50||The story of a youth summoning a Dremora|Enchanting skill book|https://en.uesp.net/wiki/Skyrim:A_Tragedy_in_Black
TrapDB|13|Anonymous|A starving man steals money for food, but pays a high price for his action||https://en.uesp.net/wiki/Skyrim:Trap
Treatise on Ayleidic Cities|25||The history of Varsa Baalim and Mehrunes' Razor||https://en.uesp.net/wiki/Skyrim:Treatise_on_Ayleidic_Cities
Trials of St. Alessia|5||Excerpt from a greater work detailing the creation of the Amulet of Kings||https://en.uesp.net/wiki/Skyrim:Trials_of_St._Alessia
Troll Slaying|8|Finn|A guide to identifying, fighting, and collecting fat from trolls||https://en.uesp.net/wiki/Skyrim:Troll_Slaying
The True Nature of Orcs|20||Book detailing the Orsimer race and their origin||https://en.uesp.net/wiki/Skyrim:The_True_Nature_of_Orcs
The True Noble's CodeDB|7|Serjo Athyn Sarethi|Gives the guidelines to the members of the House Redoran||https://en.uesp.net/wiki/Skyrim:The_True_Noble%27s_Code
Twin Secrets|50|Brarilu Theran|A tale of an enchanter's path to discovering how to weave two enchantments onto one item|Enchanting skill book|https://en.uesp.net/wiki/Skyrim:Twin_Secrets
Ulfr's Book|5||A blank book being read by a blind watchman||https://en.uesp.net/wiki/Skyrim:Ulfr%27s_Book
Ulyn's JournalDB|25|Ulyn|||https://en.uesp.net/wiki/Skyrim:Ulyn%27s_Journal
Umana's Journal|5|Umana|A record of an ill-fated exploration of Dwemer ruins in Skyrim||https://en.uesp.net/wiki/Skyrim:Umana%27s_Journal
Uncommon Taste|3|The Gourmet|A recipe book, containing recipes of a Breton origin||https://en.uesp.net/wiki/Skyrim:Uncommon_Taste
Uncommon Taste - Signed|30|The Gourmet|A letter, containing recipes, from the Gourmet to Anton||https://en.uesp.net/wiki/Skyrim:Uncommon_Taste_-_Signed
Unknown Book, Vol. IDG|20|ENGWE EMELOTH|||https://en.uesp.net/wiki/Skyrim:Unknown_Book,_Vol._I
Unknown Book, Vol. IIDG|20||||https://en.uesp.net/wiki/Skyrim:Unknown_Book,_Vol._II
Unknown Book, Vol. IIIDG|20||||https://en.uesp.net/wiki/Skyrim:Unknown_Book,_Vol._III
Unknown Book, Vol. IVDG|20|PARMION SALDOR|||https://en.uesp.net/wiki/Skyrim:Unknown_Book,_Vol._IV
Unsent Afflicted Letter|5||||https://en.uesp.net/wiki/Skyrim:Unsent_Afflicted_Letter
Valerica's JournalDG|10|Valerica|Valerica's notes on attuning the portal vessel to the Soul Cairn||https://en.uesp.net/wiki/Skyrim:Valerica%27s_Journal
Varieties of Daedra|11|Aranea Drethan|An analysis of Daedra forms, focusing primarily on the Dremora||https://en.uesp.net/wiki/Skyrim:Varieties_of_Daedra
Varieties of Faith in the EmpireDB|13|Brother Mikhael Karkuxor of the Imperial College|An expansive list of the pantheons and associated divine spirits of Tamriel's dominant cultures||https://en.uesp.net/wiki/Skyrim:Varieties_of_Faith_in_the_Empire
Venarus Vulpin's JournalDG|5|Venarus Vulpin|The journal of a vampire and his discovery of the Bloodspring of Lengeir's Feast||https://en.uesp.net/wiki/Skyrim:Venarus_Vulpin%27s_Journal
Venarus Vulpin's ResearchDG|5|Venarus Vulpin|Research notes on the Bloodspring of Lengeir's Feast||https://en.uesp.net/wiki/Skyrim:Venarus_Vulpin%27s_Research
Vernaccus and Bourlor|65|Tavi Dromio|How a short-tempered Daedra tries to make something of himself|Archery skill book|https://en.uesp.net/wiki/Skyrim:Vernaccus_and_Bourlor
Volk's JournalDG|5|Volk|||https://en.uesp.net/wiki/Skyrim:Volk%27s_Journal
Wabbajack|7||Story of one man's summoning of Sheogorath and descent into madness||https://en.uesp.net/wiki/Skyrim:Wabbajack_(book)
Walking the World, Vol XI|8|Spatior Munius|A comprehensive description of the city of Solitude||https://en.uesp.net/wiki/Skyrim:Walking_the_World,_Vol_XI
War of the First Council|25|Agrippa Fundilius|A brief account of a First Age religious conflict||https://en.uesp.net/wiki/Skyrim:War_of_the_First_Council
Warrior|50|Reven|The third chapter of the adventures of Eslaf Erol|Block skill book|https://en.uesp.net/wiki/Skyrim:Warrior_(book)
The Warrior's Charge|50||An old poem of the Redguards that deals with the constellations|Conjuration skill book|https://en.uesp.net/wiki/Skyrim:The_Warrior%27s_Charge
Watcher of Stones|8|Gelyph Sig, Thane of Bjorin|Musings on the Guardian Stones of Skyrim||https://en.uesp.net/wiki/Skyrim:Watcher_of_Stones
The Waters of Oblivion|30||A work on the dangers of Daedra and Oblivion||https://en.uesp.net/wiki/Skyrim:The_Waters_of_Oblivion
Where were you when the Dragon BrokeDB|13|Various|A brief description and multiple accounts of the Dragon Break||https://en.uesp.net/wiki/Skyrim:Where_were_you_when_the_Dragon_Broke
Whiterun Home Decorating Guide|5||Details on accessory packages available for a Whiterun home||https://en.uesp.net/wiki/Skyrim:Whiterun_Home_Decorating_Guide
The Wild Elves|25|Kier-Jo Chorvak|Brief description of the Ayleids, or Wild Elves||https://en.uesp.net/wiki/Skyrim:The_Wild_Elves
Wind and SandDB|100|Afa-Saryat|A treatise on the sands of the Alik'r Desert, and their relationship to magic||https://en.uesp.net/wiki/Skyrim:Wind_and_Sand_(book)
Windhelm Home Decorating Guide|5||Details on accessory packages available for a Windhelm home||https://en.uesp.net/wiki/Skyrim:Windhelm_Home_Decorating_Guide
The Windhelm Letters|7|Reylia|A series of letters written in the Second Era from a woman in Windhelm to her husband in Solitude||https://en.uesp.net/wiki/Skyrim:The_Windhelm_Letters
The Wispmother|8|Mathias Etienne|Summation of legends regarding the Wispmothers||https://en.uesp.net/wiki/Skyrim:The_Wispmother
Withershins|55|Yaqut Tawashi|A humorous tale of a man's ailment and cure|Restoration skill book|https://en.uesp.net/wiki/Skyrim:Withershins
The Wolf Queen, v1|75|Waughin Jarth|Life of Queen Potema, Book One|Lockpicking skill book|https://en.uesp.net/wiki/Skyrim:The_Wolf_Queen,_v1
The Wolf Queen, v2|4|Waughin Jarth|Life of Queen Potema, Book Two||https://en.uesp.net/wiki/Skyrim:The_Wolf_Queen,_v2
The Wolf Queen, v3|4|Waughin Jarth|Life of Queen Potema, Book Three||https://en.uesp.net/wiki/Skyrim:The_Wolf_Queen,_v3
The Wolf Queen, v4|4|Waughin Jarth|Life of Queen Potema, Book Four||https://en.uesp.net/wiki/Skyrim:The_Wolf_Queen,_v4
The Wolf Queen, v5|4|Waughin Jarth|Life of Queen Potema, Book Five||https://en.uesp.net/wiki/Skyrim:The_Wolf_Queen,_v5
The Wolf Queen, v6|30|Waughin Jarth|Life of Queen Potema, Book Six||https://en.uesp.net/wiki/Skyrim:The_Wolf_Queen,_v6
The Wolf Queen, v7|4|Waughin Jarth|Life of Queen Potema, Book Seven||https://en.uesp.net/wiki/Skyrim:The_Wolf_Queen,_v7
The Wolf Queen, v8|12|Waughin Jarth|Life of Queen Potema, Book Eight||https://en.uesp.net/wiki/Skyrim:The_Wolf_Queen,_v8
The Woodcutter's Wife|8|Mogen Son of Molag|A story of mistrust, murder, and magic||https://en.uesp.net/wiki/Skyrim:The_Woodcutter%27s_Wife
Words and Philosophy|50||An interview with a Bosmer master swordsman about her life|Two-handed skill book|https://en.uesp.net/wiki/Skyrim:Words_and_Philosophy
Words of Clan Mother Ahnissi|14|Clan Mother Ahnissi|How a Khajiit explains the origin of the world||https://en.uesp.net/wiki/Skyrim:Words_of_Clan_Mother_Ahnissi
Words of the WindDB|5||A volume of verse collected from Ashlander wise women||https://en.uesp.net/wiki/Skyrim:Words_of_the_Wind
Wraith's Wedding Dowry|10|Voltha gra-Yamwort(translated by Apthorne)|Story of how an Orc reclaims her wedding gift from thieves||https://en.uesp.net/wiki/Skyrim:Wraith%27s_Wedding_Dowry
Wyndelius's Journal|40|Wyndelius Gatharian|A journal documenting a treasure-hunter's descent into madness||https://en.uesp.net/wiki/Skyrim:Wyndelius%27s_Journal
Yellow Book of Riddles|3||A series of riddles||https://en.uesp.net/wiki/Skyrim:Yellow_Book_of_Riddles
Yngol and the Sea-Ghosts|5||A tale of Ysgramor's first adventure in Tamriel||https://en.uesp.net/wiki/Skyrim:Yngol_and_the_Sea-Ghosts
